mean_fit_time,std_fit_time,mean_score_time,std_score_time,param_model__subsample,param_model__reg_lambda,param_model__reg_alpha,param_model__n_estimators,param_model__min_child_weight,param_model__max_depth,param_model__learning_rate,param_model__colsample_bytree,params,split0_test_roc_auc,split1_test_roc_auc,split2_test_roc_auc,mean_test_roc_auc,std_test_roc_auc,rank_test_roc_auc,split0_test_average_precision,split1_test_average_precision,split2_test_average_precision,mean_test_average_precision,std_test_average_precision,rank_test_average_precision
0.9850502808888754,0.049658211979772694,0.02357649803161621,0.0006303434042238844,1.0,1.0,0.0,800,1,4,0.1,0.8,"{'model__subsample': 1.0, 'model__reg_lambda': 1.0, 'model__reg_alpha': 0.0, 'model__n_estimators': 800, 'model__min_child_weight': 1, 'model__max_depth': 4, 'model__learning_rate': 0.1, 'model__colsample_bytree': 0.8}",0.7889068012429616,0.7532361341440943,0.7666830340441451,0.7696086564770669,0.014708695223904498,22,0.13985074765840494,0.1457131848038309,0.13375113517343654,0.1397716892118908,0.004883806269600131,2
1.143401861190796,0.13467618298790304,0.027095556259155273,0.000983867557937966,0.8,5.0,0.0,800,5,6,0.03,0.8,"{'model__subsample': 0.8, 'model__reg_lambda': 5.0, 'model__reg_alpha': 0.0, 'model__n_estimators': 800, 'model__min_child_weight': 5, 'model__max_depth': 6, 'model__learning_rate': 0.03, 'model__colsample_bytree': 0.8}",0.7882759748604005,0.7880159388243966,0.7719089038533482,0.7827336058460483,0.007654956329423924,8,0.12221100476077676,0.1424919028160595,0.13061349613062676,0.13177213456915435,0.008320077674141352,14
0.3509986400604248,0.01150387341028845,0.015092213948567709,0.0003514134752855594,0.8,5.0,0.1,400,1,3,0.1,1.0,"{'model__subsample': 0.8, 'model__reg_lambda': 5.0, 'model__reg_alpha': 0.1, 'model__n_estimators': 400, 'model__min_child_weight': 1, 'model__max_depth': 3, 'model__learning_rate': 0.1, 'model__colsample_bytree': 1.0}",0.7847363379360295,0.7716740372213009,0.7809343434343434,0.7791149061972247,0.005485659418602935,17,0.12561010908310005,0.13861809539861933,0.13393146399235933,0.13271988949135957,0.005379148729107534,10
0.2774969736735026,0.004388091076171132,0.015568415323893229,0.00042252931059817163,1.0,1.0,0.0,400,1,3,0.1,0.8,"{'model__subsample': 1.0, 'model__reg_lambda': 1.0, 'model__reg_alpha': 0.0, 'model__n_estimators': 400, 'model__min_child_weight': 1, 'model__max_depth': 3, 'model__learning_rate': 0.1, 'model__colsample_bytree': 0.8}",0.7904488212892222,0.7650750875253363,0.7744692293303405,0.776664379381633,0.010474432493486502,19,0.13622895341932117,0.14332888466975086,0.11922836811742618,0.13292873540216607,0.01011195014962611,8
1.0936071872711182,0.04666003479667767,0.0343022346496582,0.006534910939826638,1.0,5.0,0.1,800,5,6,0.1,1.0,"{'model__subsample': 1.0, 'model__reg_lambda': 5.0, 'model__reg_alpha': 0.1, 'model__n_estimators': 800, 'model__min_child_weight': 5, 'model__max_depth': 6, 'model__learning_rate': 0.1, 'model__colsample_bytree': 1.0}",0.7685918553304829,0.7641422517044406,0.7429386457164235,0.7585575842504491,0.01119265157158844,24,0.11853993229788518,0.13726638721074452,0.11927907817096135,0.12502846589319702,0.008658776772203803,23
0.2619338830312093,0.010334367414143232,0.02196200688680013,0.010749706128192342,1.0,1.0,0.0,200,1,5,0.05,0.8,"{'model__subsample': 1.0, 'model__reg_lambda': 1.0, 'model__reg_alpha': 0.0, 'model__n_estimators': 200, 'model__min_child_weight': 1, 'model__max_depth': 5, 'model__learning_rate': 0.05, 'model__colsample_bytree': 0.8}",0.7882292469802109,0.7784802837663534,0.7776491769547326,0.781452902567099,0.004803597078365051,10,0.13096507106457375,0.13160479434066388,0.11755529976980791,0.12670838839168186,0.006477478159356024,21
0.4713759422302246,0.052102757373920894,0.02324851353963216,0.0017384431510122232,1.0,5.0,0.1,800,1,2,0.1,0.8,"{'model__subsample': 1.0, 'model__reg_lambda': 5.0, 'model__reg_alpha': 0.1, 'model__n_estimators': 800, 'model__min_child_weight': 1, 'model__max_depth': 2, 'model__learning_rate': 0.1, 'model__colsample_bytree': 0.8}",0.7885329782014439,0.7730214667403722,0.7855522820800599,0.782368909007292,0.006720721441534741,9,0.13094811109283072,0.1425899695312547,0.1184157880949785,0.1306512895730213,0.009871299789101283,15
0.22803187370300293,0.018948024871207194,0.015071551005045572,0.0012995082217684127,0.8,10.0,0.1,400,1,2,0.03,0.8,"{'model__subsample': 0.8, 'model__reg_lambda': 10.0, 'model__reg_alpha': 0.1, 'model__n_estimators': 400, 'model__min_child_weight': 1, 'model__max_depth': 2, 'model__learning_rate': 0.03, 'model__colsample_bytree': 0.8}",0.8071715614121164,0.8115441311958724,0.8077768424990648,0.8088308450356845,0.0019344306033653533,1,0.1380438175173444,0.14083361849293916,0.14259268422515747,0.14049004007848034,0.0018728911120731774,1
1.1870145003000896,0.04383049061787359,0.026386260986328125,0.0013399099115775953,0.8,5.0,0.1,800,3,6,0.1,0.8,"{'model__subsample': 0.8, 'model__reg_lambda': 5.0, 'model__reg_alpha': 0.1, 'model__n_estimators': 800, 'model__min_child_weight': 3, 'model__max_depth': 6, 'model__learning_rate': 0.1, 'model__colsample_bytree': 0.8}",0.7717459872432887,0.7736663902708678,0.7557987280209502,0.7670703685117023,0.008008720100059883,23,0.12496570400519232,0.14135079095376774,0.13248255068922007,0.13293301521606005,0.006696763262728745,7
1.1057180563608806,0.060510289377252564,0.0235903263092041,0.0009900974460074065,0.8,10.0,1.0,800,5,5,0.05,1.0,"{'model__subsample': 0.8, 'model__reg_lambda': 10.0, 'model__reg_alpha': 1.0, 'model__n_estimators': 800, 'model__min_child_weight': 5, 'model__max_depth': 5, 'model__learning_rate': 0.05, 'model__colsample_bytree': 1.0}",0.7806943762996191,0.7844227934402064,0.7734287317620651,0.7795153005006302,0.004565085822524037,15,0.11768502857966232,0.14632605255957745,0.13370780940561086,0.1325729635149502,0.011720152730835907,11
0.23508071899414062,0.026932939237299898,0.017633756001790363,0.0025633690614754274,1.0,1.0,0.1,400,3,2,0.05,0.8,"{'model__subsample': 1.0, 'model__reg_lambda': 1.0, 'model__reg_alpha': 0.1, 'model__n_estimators': 400, 'model__min_child_weight': 3, 'model__max_depth': 2, 'model__learning_rate': 0.05, 'model__colsample_bytree': 0.8}",0.8040057475292633,0.792962271973466,0.7917251215862326,0.796231047029654,0.005520695074845028,4,0.13792257680267223,0.1303787610923904,0.1406617573600173,0.1363210317516933,0.004348081030580685,3
1.6544304688771565,0.18576414730684818,0.028519868850708008,0.00022147182503256011,1.0,5.0,1.0,800,5,8,0.05,1.0,"{'model__subsample': 1.0, 'model__reg_lambda': 5.0, 'model__reg_alpha': 1.0, 'model__n_estimators': 800, 'model__min_child_weight': 5, 'model__max_depth': 8, 'model__learning_rate': 0.05, 'model__colsample_bytree': 1.0}",0.7803906450783861,0.7842039800995024,0.7567924616535727,0.7737956956104871,0.01212347185534441,20,0.11514668293410911,0.14031002443779678,0.12443927531360705,0.12663199422850432,0.01038923966058517,22
0.34730784098307294,0.023455056989366913,0.015388965606689453,0.0002459969116425585,0.8,10.0,0.1,200,3,6,0.1,0.8,"{'model__subsample': 0.8, 'model__reg_lambda': 10.0, 'model__reg_alpha': 0.1, 'model__n_estimators': 200, 'model__min_child_weight': 3, 'model__max_depth': 6, 'model__learning_rate': 0.1, 'model__colsample_bytree': 0.8}",0.7890353029134834,0.7908144462870831,0.7884165731387954,0.789422107446454,0.0010164192766323205,5,0.12602351639744355,0.14162063468814512,0.13311608709679662,0.1335867460607951,0.00637618823639058,5
0.27213597297668457,0.017594898304779703,0.016616106033325195,0.0016851441812066276,1.0,1.0,0.1,400,1,3,0.05,0.8,"{'model__subsample': 1.0, 'model__reg_lambda': 1.0, 'model__reg_alpha': 0.1, 'model__n_estimators': 400, 'model__min_child_weight': 1, 'model__max_depth': 3, 'model__learning_rate': 0.05, 'model__colsample_bytree': 0.8}",0.7884044765309222,0.7717604109084208,0.7798353909465021,0.7800000927952816,0.006795909315452254,13,0.1395712370576356,0.1303044981259505,0.1172209285010026,0.12903222122819624,0.00916871817731701,19
1.365996519724528,0.07624147529072517,0.024515151977539062,0.0035997721996156727,1.0,5.0,0.0,400,1,8,0.05,1.0,"{'model__subsample': 1.0, 'model__reg_lambda': 5.0, 'model__reg_alpha': 0.0, 'model__n_estimators': 400, 'model__min_child_weight': 1, 'model__max_depth': 8, 'model__learning_rate': 0.05, 'model__colsample_bytree': 1.0}",0.7856708955398239,0.7758775566611388,0.7783740179573512,0.7799741567194379,0.004155133743667071,14,0.12515635156042226,0.13069313219486864,0.11487934571415577,0.12357627648981556,0.006551917716005438,24
1.8861204783121746,0.11105943180363445,0.04149214426676432,0.005496592916566448,0.8,10.0,1.0,800,3,8,0.03,0.8,"{'model__subsample': 0.8, 'model__reg_lambda': 10.0, 'model__reg_alpha': 1.0, 'model__n_estimators': 800, 'model__min_child_weight': 3, 'model__max_depth': 8, 'model__learning_rate': 0.03, 'model__colsample_bytree': 0.8}",0.7896427653559497,0.7942348442970333,0.7816942573887018,0.7885239556805616,0.005180436359912826,6,0.12056999898205857,0.14460322546735524,0.13324419397066292,0.13280580614002557,0.00981641929765056,9
0.5724250475565592,0.04611281945833646,0.02037501335144043,0.004428172101177632,1.0,1.0,1.0,400,5,5,0.05,1.0,"{'model__subsample': 1.0, 'model__reg_lambda': 1.0, 'model__reg_alpha': 1.0, 'model__n_estimators': 400, 'model__min_child_weight': 5, 'model__max_depth': 5, 'model__learning_rate': 0.05, 'model__colsample_bytree': 1.0}",0.7802971893180066,0.7829026165468951,0.7750537785260008,0.7794178614636342,0.0032640442885236197,16,0.12108576316976673,0.1416532414571633,0.1333764340120806,0.13203847954633688,0.008449768532921873,13
0.32754063606262207,0.03212823119454619,0.016679048538208008,0.0025816421950381405,0.8,5.0,1.0,200,3,5,0.1,1.0,"{'model__subsample': 0.8, 'model__reg_lambda': 5.0, 'model__reg_alpha': 1.0, 'model__n_estimators': 200, 'model__min_child_weight': 3, 'model__max_depth': 5, 'model__learning_rate': 0.1, 'model__colsample_bytree': 1.0}",0.7842456951940375,0.7784457342915054,0.7811798540965208,0.7812904278606879,0.002369114677921804,12,0.11839214544698248,0.14154956675520952,0.12312725721812887,0.1276896564734403,0.009989266093673803,20
0.23732352256774902,0.03172860312330026,0.02938524881998698,0.018447332035418176,1.0,5.0,1.0,200,5,3,0.1,1.0,"{'model__subsample': 1.0, 'model__reg_lambda': 5.0, 'model__reg_alpha': 1.0, 'model__n_estimators': 200, 'model__min_child_weight': 5, 'model__max_depth': 3, 'model__learning_rate': 0.1, 'model__colsample_bytree': 1.0}",0.7863951776827645,0.7898758522203797,0.7806362233445566,0.7856357510825669,0.003810094663001748,7,0.13288641465284354,0.14451275822039214,0.12163012754362715,0.13300976680562093,0.009342202041899353,6
0.8875207106272379,0.028292972263584,0.022148768107096355,0.0005115132431969737,0.8,1.0,1.0,800,5,4,0.03,1.0,"{'model__subsample': 0.8, 'model__reg_lambda': 1.0, 'model__reg_alpha': 1.0, 'model__n_estimators': 800, 'model__min_child_weight': 5, 'model__max_depth': 4, 'model__learning_rate': 0.03, 'model__colsample_bytree': 1.0}",0.7830190883390575,0.7842730790491985,0.7766437523381968,0.781311973242151,0.0033403929889925365,11,0.12056469193245337,0.14479898617327963,0.13185915500223142,0.13240761103598817,0.009901207244690229,12
0.3388991355895996,0.0410178100578495,0.01897319157918294,0.002515688836407816,1.0,1.0,1.0,400,3,3,0.1,1.0,"{'model__subsample': 1.0, 'model__reg_lambda': 1.0, 'model__reg_alpha': 1.0, 'model__n_estimators': 400, 'model__min_child_weight': 3, 'model__max_depth': 3, 'model__learning_rate': 0.1, 'model__colsample_bytree': 1.0}",0.7837200065419032,0.7703150912106136,0.775977366255144,0.7766708213358869,0.005494457736150556,18,0.12982541318850654,0.14103207257143927,0.11806044305915722,0.1296393096063677,0.009379051711832795,18
0.8154496351877848,0.038794009542295706,0.02300683657328288,0.0008525719118359113,0.8,5.0,0.0,400,3,8,0.1,1.0,"{'model__subsample': 0.8, 'model__reg_lambda': 5.0, 'model__reg_alpha': 0.0, 'model__n_estimators': 400, 'model__min_child_weight': 3, 'model__max_depth': 8, 'model__learning_rate': 0.1, 'model__colsample_bytree': 1.0}",0.7804841008387655,0.7796779988944168,0.7611298166853723,0.7737639721395181,0.008939756264977793,21,0.12080794559531824,0.14602079663322445,0.12233934392763256,0.12972269538539175,0.011541443394033181,17
0.5052608648935953,0.02578320443502555,0.021024545033772785,0.002511579979146012,0.8,10.0,1.0,200,3,8,0.05,0.8,"{'model__subsample': 0.8, 'model__reg_lambda': 10.0, 'model__reg_alpha': 1.0, 'model__n_estimators': 200, 'model__min_child_weight': 3, 'model__max_depth': 8, 'model__learning_rate': 0.05, 'model__colsample_bytree': 0.8}",0.7974930492278218,0.800707112585222,0.7946244855967077,0.7976082158032506,0.0024845570061780248,3,0.12815300529499962,0.13354742739032438,0.12814569705403708,0.12994870991312035,0.002544679280793126,16
0.723111073176066,0.052076738384961754,0.01934639612833659,0.0025338656260949066,0.8,10.0,0.0,200,1,8,0.05,0.8,"{'model__subsample': 0.8, 'model__reg_lambda': 10.0, 'model__reg_alpha': 0.0, 'model__n_estimators': 200, 'model__min_child_weight': 1, 'model__max_depth': 8, 'model__learning_rate': 0.05, 'model__colsample_bytree': 0.8}",0.7958108455409922,0.806580523309379,0.7953259446315002,0.7992391044939572,0.005194940159461525,2,0.12945163505512564,0.14618762814313185,0.12514648474074652,0.13359524931300135,0.009075960307629125,4
